"Link","Name","Pos","Year","College","RAS","Alltime"
"<a   class=""nt_btn "" style=""color: rgba(0, 0, 0, 1);background-color: rgba(255, 255, 255, 1);border-color: rgba(0, 0, 0, 1);"" rel="""" href=""https://ras.football/ras-information/?PlayerID=14618&ovl=Browns"">Link</a>","Myles Garrett","DE","2017","Texas A&M","9.99","9.98"
"<a   class=""nt_btn "" style=""color: rgba(0, 0, 0, 1);background-color: rgba(255, 255, 255, 1);border-color: rgba(0, 0, 0, 1);"" rel="""" href=""https://ras.football/ras-information/?PlayerID=21463&ovl=Jaguars"">Link</a>","Travon Walker","DE","2022","Georgia","9.99","9.99"
"<a   class=""nt_btn "" style=""color: rgba(0, 0, 0, 1);background-color: rgba(255, 255, 255, 1);border-color: rgba(0, 0, 0, 1);"" rel="""" href=""https://ras.football/ras-information/?PlayerID=19162&ovl=Eagles"">Link</a>","Milton Williams","DE","2021","Louisiana Tech","9.96","9.93"
"<a   class=""nt_btn "" style=""color: rgba(0, 0, 0, 1);background-color: rgba(255, 255, 255, 1);border-color: rgba(0, 0, 0, 1);"" rel="""" href=""https://ras.football/ras-information/?PlayerID=19373&ovl=Packers"">Link</a>","Rashan Gary","DE","2019","Michigan","9.95","9.95"
"<a   class=""nt_btn "" style=""color: rgba(0, 0, 0, 1);background-color: rgba(255, 255, 255, 1);border-color: rgba(0, 0, 0, 1);"" rel="""" href=""https://ras.football/ras-information/?PlayerID=18983&ovl=Ravens"">Link</a>","Odafe Oweh","DE","2021","Penn State","9.92","9.95"
"<a   class=""nt_btn "" style=""color: rgba(0, 0, 0, 1);background-color: rgba(255, 255, 255, 1);border-color: rgba(0, 0, 0, 1);"" rel="""" href=""https://ras.football/ras-information/?PlayerID=21053&ovl=Seahawks"">Link</a>","Boye Mafe","DE","2022","Minnesota","9.91","9.93"
"<a   class=""nt_btn "" style=""color: rgba(0, 0, 0, 1);background-color: rgba(255, 255, 255, 1);border-color: rgba(0, 0, 0, 1);"" rel="""" href=""https://ras.football/ras-information/?PlayerID=18220&ovl=Commanders"">Link</a>","Montez Sweat","DE","2019","Mississippi State","9.90","9.92"
"<a   class=""nt_btn "" style=""color: rgba(0, 0, 0, 1);background-color: rgba(255, 255, 255, 1);border-color: rgba(0, 0, 0, 1);"" rel="""" href=""https://ras.football/ras-information/?PlayerID=19375&ovl=Panthers"">Link</a>","Brian Burns","DE","2019","Florida State","9.90","9.91"
"<a   class=""nt_btn "" style=""color: rgba(0, 0, 0, 1);background-color: rgba(255, 255, 255, 1);border-color: rgba(0, 0, 0, 1);"" rel="""" href=""https://ras.football/ras-information/?PlayerID=11819&ovl=Vikings"">Link</a>","Danielle Hunter","DE","2015","Louisiana State","9.88","9.92"
"<a   class=""nt_btn "" style=""color: rgba(0, 0, 0, 1);background-color: rgba(255, 255, 255, 1);border-color: rgba(0, 0, 0, 1);"" rel="""" href=""https://ras.football/ras-information/?PlayerID=14229&ovl=Bengals"">Link</a>","Jordan Willis","DE","2017","Kansas State","9.88","9.90"
"<a   class=""nt_btn "" style=""color: rgba(0, 0, 0, 1);background-color: rgba(255, 255, 255, 1);border-color: rgba(0, 0, 0, 1);"" rel="""" href=""https://ras.football/ras-information/?PlayerID=21031&ovl=Lions"">Link</a>","Aidan Hutchinson","DE","2022","Michigan","9.88","9.89"
"<a   class=""nt_btn "" style=""color: rgba(0, 0, 0, 1);background-color: rgba(255, 255, 255, 1);border-color: rgba(0, 0, 0, 1);"" rel="""" href=""https://ras.football/ras-information/?PlayerID=12255&ovl=Falcons"">Link</a>","Vic Beasley","DE","2015","Clemson","9.87","9.88"
"<a   class=""nt_btn "" style=""color: rgba(0, 0, 0, 1);background-color: rgba(255, 255, 255, 1);border-color: rgba(0, 0, 0, 1);"" rel="""" href=""https://ras.football/ras-information/?PlayerID=20133&ovl=Dolphins"">Link</a>","Jaelan Phillips","DE","2021","Miami","9.87","9.87"
"<a   class=""nt_btn "" style=""color: rgba(0, 0, 0, 1);background-color: rgba(255, 255, 255, 1);border-color: rgba(0, 0, 0, 1);"" rel="""" href=""https://ras.football/ras-information/?PlayerID=23009&ovl=Buccaneers"">Link</a>","Yaya Diaby","DE","2023","Louisville","9.87","9.87"
"<a   class=""nt_btn "" style=""color: rgba(0, 0, 0, 1);background-color: rgba(255, 255, 255, 1);border-color: rgba(0, 0, 0, 1);"" rel="""" href=""https://ras.football/ras-information/?PlayerID=12134&ovl=Commanders"">Link</a>","Preston Smith","DE","2015","Mississippi State","9.80","9.84"
"<a   class=""nt_btn "" style=""color: rgba(0, 0, 0, 1);background-color: rgba(255, 255, 255, 1);border-color: rgba(0, 0, 0, 1);"" rel="""" href=""https://ras.football/ras-information/?PlayerID=12147&ovl=Cowboys"">Link</a>","Randy Gregory","DE","2015","Nebraska","9.78","9.76"
"<a   class=""nt_btn "" style=""color: rgba(0, 0, 0, 1);background-color: rgba(255, 255, 255, 1);border-color: rgba(0, 0, 0, 1);"" rel="""" href=""https://ras.football/ras-information/?PlayerID=19387&ovl=Jets"">Link</a>","Jabari Zuniga","DE","2020","Florida","9.74","9.73"
"<a   class=""nt_btn "" style=""color: rgba(0, 0, 0, 1);background-color: rgba(255, 255, 255, 1);border-color: rgba(0, 0, 0, 1);"" rel="""" href=""https://ras.football/ras-information/?PlayerID=19464&ovl=Saints"">Link</a>","Payton Turner","DE","2021","Houston","9.74","9.81"
"<a   class=""nt_btn "" style=""color: rgba(0, 0, 0, 1);background-color: rgba(255, 255, 255, 1);border-color: rgba(0, 0, 0, 1);"" rel="""" href=""https://ras.football/ras-information/?PlayerID=21299&ovl=Cowboys"">Link</a>","Sam Williams","DE","2022","Mississippi","9.72","9.77"
"<a   class=""nt_btn "" style=""color: rgba(0, 0, 0, 1);background-color: rgba(255, 255, 255, 1);border-color: rgba(0, 0, 0, 1);"" rel="""" href=""https://ras.football/ras-information/?PlayerID=25173&ovl=Dolphins"">Link</a>","Chop Robinson","DE","2024","Penn State","9.72","9.71"
"<a   class=""nt_btn "" style=""color: rgba(0, 0, 0, 1);background-color: rgba(255, 255, 255, 1);border-color: rgba(0, 0, 0, 1);"" rel="""" href=""https://ras.football/ras-information/?PlayerID=12127&ovl=Giants"">Link</a>","Owamagbe Odighizuwa","DE","2015","UCLA","9.71","9.81"
"<a   class=""nt_btn "" style=""color: rgba(0, 0, 0, 1);background-color: rgba(255, 255, 255, 1);border-color: rgba(0, 0, 0, 1);"" rel="""" href=""https://ras.football/ras-information/?PlayerID=14917&ovl=49ers"">Link</a>","Solomon Thomas","DE","2017","Stanford","9.71","9.75"
"<a   class=""nt_btn "" style=""color: rgba(0, 0, 0, 1);background-color: rgba(255, 255, 255, 1);border-color: rgba(0, 0, 0, 1);"" rel="""" href=""https://ras.football/ras-information/?PlayerID=15186&ovl=Bengals"">Link</a>","Myles Murphy","DE","2023","Clemson","9.71","9.74"
"<a   class=""nt_btn "" style=""color: rgba(0, 0, 0, 1);background-color: rgba(255, 255, 255, 1);border-color: rgba(0, 0, 0, 1);"" rel="""" href=""https://ras.football/ras-information/?PlayerID=19403&ovl=Giants"">Link</a>","Elerson Smith","DE","2021","Northern Iowa","9.71","9.72"
"<a   class=""nt_btn "" style=""color: rgba(0, 0, 0, 1);background-color: rgba(255, 255, 255, 1);border-color: rgba(0, 0, 0, 1);"" rel="""" href=""https://ras.football/ras-information/?PlayerID=16349&ovl=Eagles"">Link</a>","Josh Sweat","DE","2018","Florida State","9.70","9.70"
"<a   class=""nt_btn "" style=""color: rgba(0, 0, 0, 1);background-color: rgba(255, 255, 255, 1);border-color: rgba(0, 0, 0, 1);"" rel="""" href=""https://ras.football/ras-information/?PlayerID=18226&ovl=Colts"">Link</a>","Ben Banogu","DE","2019","Texas Christian","9.70","9.73"
"<a   class=""nt_btn "" style=""color: rgba(0, 0, 0, 1);background-color: rgba(255, 255, 255, 1);border-color: rgba(0, 0, 0, 1);"" rel="""" href=""https://ras.football/ras-information/?PlayerID=21075&ovl=Lions"">Link</a>","Josh Paschal","DE","2022","Kentucky","9.70","9.74"
"<a   class=""nt_btn "" style=""color: rgba(0, 0, 0, 1);background-color: rgba(255, 255, 255, 1);border-color: rgba(0, 0, 0, 1);"" rel="""" href=""https://ras.football/ras-information/?PlayerID=13691&ovl=Patriots"">Link</a>","Derek Rivers","DE","2017","Youngstown State","9.67","9.71"
"<a   class=""nt_btn "" style=""color: rgba(0, 0, 0, 1);background-color: rgba(255, 255, 255, 1);border-color: rgba(0, 0, 0, 1);"" rel="""" href=""https://ras.football/ras-information/?PlayerID=16602&ovl=Saints"">Link</a>","Marcus Davenport","DE","2018","UTSA","9.67","9.69"
"<a   class=""nt_btn "" style=""color: rgba(0, 0, 0, 1);background-color: rgba(255, 255, 255, 1);border-color: rgba(0, 0, 0, 1);"" rel="""" href=""https://ras.football/ras-information/?PlayerID=23057&ovl=Jets"">Link</a>","Will McDonald IV","DE","2023","Iowa State","9.66","9.65"
"<a   class=""nt_btn "" style=""color: rgba(0, 0, 0, 1);background-color: rgba(255, 255, 255, 1);border-color: rgba(0, 0, 0, 1);"" rel="""" href=""https://ras.football/ras-information/?PlayerID=19386&ovl=Raiders"">Link</a>","Maxx Crosby","DE","2019","Eastern Michigan","9.65","9.63"
"<a   class=""nt_btn "" style=""color: rgba(0, 0, 0, 1);background-color: rgba(255, 255, 255, 1);border-color: rgba(0, 0, 0, 1);"" rel="""" href=""https://ras.football/ras-information/?PlayerID=18946&ovl=Giants"">Link</a>","Kayvon Thibodeaux","DE","2022","Oregon","9.63","9.68"
"<a   class=""nt_btn "" style=""color: rgba(0, 0, 0, 1);background-color: rgba(255, 255, 255, 1);border-color: rgba(0, 0, 0, 1);"" rel="""" href=""https://ras.football/ras-information/?PlayerID=15515&ovl=Saints"">Link</a>","Isaiah Foskey","DE","2023","Notre Dame","9.61","9.65"
"<a   class=""nt_btn "" style=""color: rgba(0, 0, 0, 1);background-color: rgba(255, 255, 255, 1);border-color: rgba(0, 0, 0, 1);"" rel="""" href=""https://ras.football/ras-information/?PlayerID=25171&ovl=Rams"">Link</a>","Jared Verse","DE","2024","Florida State","9.60","9.60"
"<a   class=""nt_btn "" style=""color: rgba(0, 0, 0, 1);background-color: rgba(255, 255, 255, 1);border-color: rgba(0, 0, 0, 1);"" rel="""" href=""https://ras.football/ras-information/?PlayerID=19637&ovl=Chiefs"">Link</a>","Josh Kaindoh","DE","2021","Florida State","9.58","9.66"
"<a   class=""nt_btn "" style=""color: rgba(0, 0, 0, 1);background-color: rgba(255, 255, 255, 1);border-color: rgba(0, 0, 0, 1);"" rel="""" href=""https://ras.football/ras-information/?PlayerID=16633&ovl=Browns"">Link</a>","Isaiah McGuire","DE","2023","Missouri","9.54","9.54"
"<a   class=""nt_btn "" style=""color: rgba(0, 0, 0, 1);background-color: rgba(255, 255, 255, 1);border-color: rgba(0, 0, 0, 1);"" rel="""" href=""https://ras.football/ras-information/?PlayerID=15056&ovl=Saints"">Link</a>","Trey Hendrickson","DE","2017","Florida Atlantic","9.53","9.57"
"<a   class=""nt_btn "" style=""color: rgba(0, 0, 0, 1);background-color: rgba(255, 255, 255, 1);border-color: rgba(0, 0, 0, 1);"" rel="""" href=""https://ras.football/ras-information/?PlayerID=17245&ovl=Colts"">Link</a>","Tyquan Lewis","DE","2018","Ohio State","9.53","9.61"
"<a   class=""nt_btn "" style=""color: rgba(0, 0, 0, 1);background-color: rgba(255, 255, 255, 1);border-color: rgba(0, 0, 0, 1);"" rel="""" href=""https://ras.football/ras-information/?PlayerID=15381&ovl=Broncos"">Link</a>","Bradley Chubb","DE","2018","North Carolina State","9.51","9.54"
"<a   class=""nt_btn "" style=""color: rgba(0, 0, 0, 1);background-color: rgba(255, 255, 255, 1);border-color: rgba(0, 0, 0, 1);"" rel="""" href=""https://ras.football/ras-information/?PlayerID=19008&ovl=Bengals"">Link</a>","Joseph Ossai","DE","2021","Texas","9.49","9.55"
"<a   class=""nt_btn "" style=""color: rgba(0, 0, 0, 1);background-color: rgba(255, 255, 255, 1);border-color: rgba(0, 0, 0, 1);"" rel="""" href=""https://ras.football/ras-information/?PlayerID=19379&ovl=Buccaneers"">Link</a>","Anthony Nelson","DE","2019","Iowa","9.49","9.42"
"<a   class=""nt_btn "" style=""color: rgba(0, 0, 0, 1);background-color: rgba(255, 255, 255, 1);border-color: rgba(0, 0, 0, 1);"" rel="""" href=""https://ras.football/ras-information/?PlayerID=16016&ovl=Titans"">Link</a>","Harold Landry","DE","2018","Boston College","9.47","9.45"
"<a   class=""nt_btn "" style=""color: rgba(0, 0, 0, 1);background-color: rgba(255, 255, 255, 1);border-color: rgba(0, 0, 0, 1);"" rel="""" href=""https://ras.football/ras-information/?PlayerID=19371&ovl=49ers"">Link</a>","Nick Bosa","DE","2019","Ohio State","9.44","9.39"
"<a   class=""nt_btn "" style=""color: rgba(0, 0, 0, 1);background-color: rgba(255, 255, 255, 1);border-color: rgba(0, 0, 0, 1);"" rel="""" href=""https://ras.football/ras-information/?PlayerID=19853&ovl=Falcons"">Link</a>","John Cominsky","DE","2019","Charleston","9.43","9.34"
"<a   class=""nt_btn "" style=""color: rgba(0, 0, 0, 1);background-color: rgba(255, 255, 255, 1);border-color: rgba(0, 0, 0, 1);"" rel="""" href=""https://ras.football/ras-information/?PlayerID=16571&ovl=Seahawks"">Link</a>","Derick Hall","DE","2023","Auburn","9.40","9.46"
"<a   class=""nt_btn "" style=""color: rgba(0, 0, 0, 1);background-color: rgba(255, 255, 255, 1);border-color: rgba(0, 0, 0, 1);"" rel="""" href=""https://ras.football/ras-information/?PlayerID=11895&ovl=49ers"">Link</a>","Eli Harold","DE","2015","Virginia","9.39","9.47"
"<a   class=""nt_btn "" style=""color: rgba(0, 0, 0, 1);background-color: rgba(255, 255, 255, 1);border-color: rgba(0, 0, 0, 1);"" rel="""" href=""https://ras.football/ras-information/?PlayerID=21419&ovl=Ravens"">Link</a>","David Ojabo","DE","2022","Michigan","9.39","9.46"
"<a   class=""nt_btn "" style=""color: rgba(0, 0, 0, 1);background-color: rgba(255, 255, 255, 1);border-color: rgba(0, 0, 0, 1);"" rel="""" href=""https://ras.football/ras-information/?PlayerID=23274&ovl=Packers"">Link</a>","Lukas Van Ness","DE","2023","Iowa","9.39","9.40"
"<a   class=""nt_btn "" style=""color: rgba(0, 0, 0, 1);background-color: rgba(255, 255, 255, 1);border-color: rgba(0, 0, 0, 1);"" rel="""" href=""https://ras.football/ras-information/?PlayerID=17842&ovl=Bills"">Link</a>","Carlos Basham","DE","2021","Wake Forest","9.38","9.41"
"<a   class=""nt_btn "" style=""color: rgba(0, 0, 0, 1);background-color: rgba(255, 255, 255, 1);border-color: rgba(0, 0, 0, 1);"" rel="""" href=""https://ras.football/ras-information/?PlayerID=25049&ovl=Colts"">Link</a>","Laiatu Latu","DE","2024","UCLA","9.37","9.36"
"<a   class=""nt_btn "" style=""color: rgba(0, 0, 0, 1);background-color: rgba(255, 255, 255, 1);border-color: rgba(0, 0, 0, 1);"" rel="""" href=""https://ras.football/ras-information/?PlayerID=20976&ovl=Broncos"">Link</a>","Nik Bonitto","DE","2022","Oklahoma","9.36","9.44"
"<a   class=""nt_btn "" style=""color: rgba(0, 0, 0, 1);background-color: rgba(255, 255, 255, 1);border-color: rgba(0, 0, 0, 1);"" rel="""" href=""https://ras.football/ras-information/?PlayerID=12566&ovl=Browns"">Link</a>","Emmanuel Ogbah","DE","2016","Oklahoma State","9.34","9.43"
"<a   class=""nt_btn "" style=""color: rgba(0, 0, 0, 1);background-color: rgba(255, 255, 255, 1);border-color: rgba(0, 0, 0, 1);"" rel="""" href=""https://ras.football/ras-information/?PlayerID=19716&ovl=Colts"">Link</a>","Kwity Paye","DE","2021","Michigan","9.34","9.37"
"<a   class=""nt_btn "" style=""color: rgba(0, 0, 0, 1);background-color: rgba(255, 255, 255, 1);border-color: rgba(0, 0, 0, 1);"" rel="""" href=""https://ras.football/ras-information/?PlayerID=19416&ovl=Vikings"">Link</a>","Janarius Robinson","DE","2021","Florida State","9.32","9.33"
"<a   class=""nt_btn "" style=""color: rgba(0, 0, 0, 1);background-color: rgba(255, 255, 255, 1);border-color: rgba(0, 0, 0, 1);"" rel="""" href=""https://ras.football/ras-information/?PlayerID=12402&ovl=Cowboys"">Link</a>","Charles Tapper","DE","2016","Oklahoma","9.29","9.37"
"<a   class=""nt_btn "" style=""color: rgba(0, 0, 0, 1);background-color: rgba(255, 255, 255, 1);border-color: rgba(0, 0, 0, 1);"" rel="""" href=""https://ras.football/ras-information/?PlayerID=18970&ovl=Buccaneers"">Link</a>","Joe Tryon","DE","2021","Washington","9.29","9.29"
"<a   class=""nt_btn "" style=""color: rgba(0, 0, 0, 1);background-color: rgba(255, 255, 255, 1);border-color: rgba(0, 0, 0, 1);"" rel="""" href=""https://ras.football/ras-information/?PlayerID=20969&ovl=Chiefs"">Link</a>","George Karlaftis","DE","2022","Purdue","9.24","9.25"
"<a   class=""nt_btn "" style=""color: rgba(0, 0, 0, 1);background-color: rgba(255, 255, 255, 1);border-color: rgba(0, 0, 0, 1);"" rel="""" href=""https://ras.football/ras-information/?PlayerID=20038&ovl=Eagles"">Link</a>","Nolan Smith","DE","2023","Georgia","9.23","9.23"
"<a   class=""nt_btn "" style=""color: rgba(0, 0, 0, 1);background-color: rgba(255, 255, 255, 1);border-color: rgba(0, 0, 0, 1);"" rel="""" href=""https://ras.football/ras-information/?PlayerID=13545&ovl=Panthers"">Link</a>","Daeshon Hall","DE","2017","Texas A&M","9.22","9.19"
"<a   class=""nt_btn "" style=""color: rgba(0, 0, 0, 1);background-color: rgba(255, 255, 255, 1);border-color: rgba(0, 0, 0, 1);"" rel="""" href=""https://ras.football/ras-information/?PlayerID=20972&ovl=Jets"">Link</a>","Jermaine Johnson","DE","2022","Florida State","9.22","9.21"
"<a   class=""nt_btn "" style=""color: rgba(0, 0, 0, 1);background-color: rgba(255, 255, 255, 1);border-color: rgba(0, 0, 0, 1);"" rel="""" href=""https://ras.football/ras-information/?PlayerID=23054&ovl=Rams"">Link</a>","Byron Young","DE","2023","Tennessee","9.22","9.26"
"<a   class=""nt_btn "" style=""color: rgba(0, 0, 0, 1);background-color: rgba(255, 255, 255, 1);border-color: rgba(0, 0, 0, 1);"" rel="""" href=""https://ras.football/ras-information/?PlayerID=25040&ovl=Eagles"">Link</a>","Jalyx Hunt","DE","2024","Houston Christian","9.22","9.20"
"<a   class=""nt_btn "" style=""color: rgba(0, 0, 0, 1);background-color: rgba(255, 255, 255, 1);border-color: rgba(0, 0, 0, 1);"" rel="""" href=""https://ras.football/ras-information/?PlayerID=12984&ovl=Bills"">Link</a>","Shaq Lawson","DE","2016","Clemson","9.09","9.16"
"<a   class=""nt_btn "" style=""color: rgba(0, 0, 0, 1);background-color: rgba(255, 255, 255, 1);border-color: rgba(0, 0, 0, 1);"" rel="""" href=""https://ras.football/ras-information/?PlayerID=16884&ovl=Seahawks"">Link</a>","Rasheem Green","DE","2018","Southern California","9.09","9.02"
"<a   class=""nt_btn "" style=""color: rgba(0, 0, 0, 1);background-color: rgba(255, 255, 255, 1);border-color: rgba(0, 0, 0, 1);"" rel="""" href=""https://ras.football/ras-information/?PlayerID=25037&ovl=Cowboys"">Link</a>","Marshawn Kneeland","DE","2024","Western Michigan","9.08","9.05"
"<a   class=""nt_btn "" style=""color: rgba(0, 0, 0, 1);background-color: rgba(255, 255, 255, 1);border-color: rgba(0, 0, 0, 1);"" rel="""" href=""https://ras.football/ras-information/?PlayerID=13926&ovl=Cardinals"">Link</a>","Haason Reddick","DE","2017","Temple","9.07","9.04"
"<a   class=""nt_btn "" style=""color: rgba(0, 0, 0, 1);background-color: rgba(255, 255, 255, 1);border-color: rgba(0, 0, 0, 1);"" rel="""" href=""https://ras.football/ras-information/?PlayerID=21079&ovl=Falcons"">Link</a>","DeAngelo Malone","DE","2022","Western Kentucky","9.06","9.07"
"<a   class=""nt_btn "" style=""color: rgba(0, 0, 0, 1);background-color: rgba(255, 255, 255, 1);border-color: rgba(0, 0, 0, 1);"" rel="""" href=""https://ras.football/ras-information/?PlayerID=25046&ovl=Ravens"">Link</a>","Adisa Isaac","DE","2024","Penn State","8.99","8.97"
"<a   class=""nt_btn "" style=""color: rgba(0, 0, 0, 1);background-color: rgba(255, 255, 255, 1);border-color: rgba(0, 0, 0, 1);"" rel="""" href=""https://ras.football/ras-information/?PlayerID=21077&ovl=Falcons"">Link</a>","Arnold Ebiketie","DE","2022","Penn State","8.91","8.96"
"<a   class=""nt_btn "" style=""color: rgba(0, 0, 0, 1);background-color: rgba(255, 255, 255, 1);border-color: rgba(0, 0, 0, 1);"" rel="""" href=""https://ras.football/ras-information/?PlayerID=12688&ovl=Chargers"">Link</a>","Joey Bosa","DE","2016","Ohio State","8.90","8.93"
"<a   class=""nt_btn "" style=""color: rgba(0, 0, 0, 1);background-color: rgba(255, 255, 255, 1);border-color: rgba(0, 0, 0, 1);"" rel="""" href=""https://ras.football/ras-information/?PlayerID=25165&ovl=Vikings"">Link</a>","Dallas Turner","DE","2024","Alabama","8.86","8.82"
"<a   class=""nt_btn "" style=""color: rgba(0, 0, 0, 1);background-color: rgba(255, 255, 255, 1);border-color: rgba(0, 0, 0, 1);"" rel="""" href=""https://ras.football/ras-information/?PlayerID=23051&ovl=Ravens"">Link</a>","Tavius Robinson","DE","2023","Mississippi","8.77","8.78"
"<a   class=""nt_btn "" style=""color: rgba(0, 0, 0, 1);background-color: rgba(255, 255, 255, 1);border-color: rgba(0, 0, 0, 1);"" rel="""" href=""https://ras.football/ras-information/?PlayerID=21057&ovl=Cardinals"">Link</a>","Myjai Sanders","DE","2022","Cincinnati","8.74","8.68"
"<a   class=""nt_btn "" style=""color: rgba(0, 0, 0, 1);background-color: rgba(255, 255, 255, 1);border-color: rgba(0, 0, 0, 1);"" rel="""" href=""https://ras.football/ras-information/?PlayerID=20029&ovl=Chiefs"">Link</a>","Felix Anudike-Uzomah","DE","2023","Kansas State","8.73","8.82"
"<a   class=""nt_btn "" style=""color: rgba(0, 0, 0, 1);background-color: rgba(255, 255, 255, 1);border-color: rgba(0, 0, 0, 1);"" rel="""" href=""https://ras.football/ras-information/?PlayerID=25038&ovl=Buccaneers"">Link</a>","Chris Braswell","DE","2024","Alabama","8.73","8.69"
"<a   class=""nt_btn "" style=""color: rgba(0, 0, 0, 1);background-color: rgba(255, 255, 255, 1);border-color: rgba(0, 0, 0, 1);"" rel="""" href=""https://ras.football/ras-information/?PlayerID=23269&ovl=Falcons"">Link</a>","Zach Harrison","DE","2023","Ohio State","8.72","8.77"
"<a   class=""nt_btn "" style=""color: rgba(0, 0, 0, 1);background-color: rgba(255, 255, 255, 1);border-color: rgba(0, 0, 0, 1);"" rel="""" href=""https://ras.football/ras-information/?PlayerID=21377&ovl=Cardinals"">Link</a>","Cameron Thomas","DE","2022","San Diego State","8.68","8.75"
"<a   class=""nt_btn "" style=""color: rgba(0, 0, 0, 1);background-color: rgba(255, 255, 255, 1);border-color: rgba(0, 0, 0, 1);"" rel="""" href=""https://ras.football/ras-information/?PlayerID=18221&ovl=Patriots"">Link</a>","Chase Winovich","DE","2019","Michigan","8.63","8.61"
"<a   class=""nt_btn "" style=""color: rgba(0, 0, 0, 1);background-color: rgba(255, 255, 255, 1);border-color: rgba(0, 0, 0, 1);"" rel="""" href=""https://ras.football/ras-information/?PlayerID=12488&ovl=Packers"">Link</a>","Dean Lowry","DE","2016","Northwestern","8.62","8.62"
"<a   class=""nt_btn "" style=""color: rgba(0, 0, 0, 1);background-color: rgba(255, 255, 255, 1);border-color: rgba(0, 0, 0, 1);"" rel="""" href=""https://ras.football/ras-information/?PlayerID=21414&ovl=49ers"">Link</a>","Drake Jackson","DE","2022","Southern California","8.62","8.76"
"<a   class=""nt_btn "" style=""color: rgba(0, 0, 0, 1);background-color: rgba(255, 255, 255, 1);border-color: rgba(0, 0, 0, 1);"" rel="""" href=""https://ras.football/ras-information/?PlayerID=24978&ovl=Broncos"">Link</a>","Jonah Elliss","DE","2024","Utah","8.59","8.54"
"<a   class=""nt_btn "" style=""color: rgba(0, 0, 0, 1);background-color: rgba(255, 255, 255, 1);border-color: rgba(0, 0, 0, 1);"" rel="""" href=""https://ras.football/ras-information/?PlayerID=13386&ovl=Bengals"">Link</a>","Carl Lawson","DE","2017","Auburn","8.57","8.52"
"<a   class=""nt_btn "" style=""color: rgba(0, 0, 0, 1);background-color: rgba(255, 255, 255, 1);border-color: rgba(0, 0, 0, 1);"" rel="""" href=""https://ras.football/ras-information/?PlayerID=16256&ovl=Rams"">Link</a>","John Franklin-Myers","DE","2018","Stephen F. Austin","8.31","8.14"
"<a   class=""nt_btn "" style=""color: rgba(0, 0, 0, 1);background-color: rgba(255, 255, 255, 1);border-color: rgba(0, 0, 0, 1);"" rel="""" href=""https://ras.football/ras-information/?PlayerID=16434&ovl=Colts"">Link</a>","Kemoko Turay","DE","2018","Rutgers","8.27","8.16"
"<a   class=""nt_btn "" style=""color: rgba(0, 0, 0, 1);background-color: rgba(255, 255, 255, 1);border-color: rgba(0, 0, 0, 1);"" rel="""" href=""https://ras.football/ras-information/?PlayerID=12992&ovl=Raiders"">Link</a>","Shilique Calhoun","DE","2016","Michigan State","8.26","8.35"
"<a   class=""nt_btn "" style=""color: rgba(0, 0, 0, 1);background-color: rgba(255, 255, 255, 1);border-color: rgba(0, 0, 0, 1);"" rel="""" href=""https://ras.football/ras-information/?PlayerID=12891&ovl=Buccaneers"">Link</a>","Noah Spence","DE","2016","Eastern Kentucky","8.20","8.44"
"<a   class=""nt_btn "" style=""color: rgba(0, 0, 0, 1);background-color: rgba(255, 255, 255, 1);border-color: rgba(0, 0, 0, 1);"" rel="""" href=""https://ras.football/ras-information/?PlayerID=14957&ovl=Colts"">Link</a>","Tarell Basham","DE","2017","Ohio","8.20","8.24"
"<a   class=""nt_btn "" style=""color: rgba(0, 0, 0, 1);background-color: rgba(255, 255, 255, 1);border-color: rgba(0, 0, 0, 1);"" rel="""" href=""https://ras.football/ras-information/?PlayerID=21078&ovl=Jets"">Link</a>","Micheal Clemons","DE","2022","Texas A&M","8.20","8.19"
"<a   class=""nt_btn "" style=""color: rgba(0, 0, 0, 1);background-color: rgba(255, 255, 255, 1);border-color: rgba(0, 0, 0, 1);"" rel="""" href=""https://ras.football/ras-information/?PlayerID=13651&ovl=Patriots"">Link</a>","Deatrich Wise","DE","2017","Arkansas","8.18","8.16"
"<a   class=""nt_btn "" style=""color: rgba(0, 0, 0, 1);background-color: rgba(255, 255, 255, 1);border-color: rgba(0, 0, 0, 1);"" rel="""" href=""https://ras.football/ras-information/?PlayerID=19587&ovl=Giants"">Link</a>","Azeez Ojulari","DE","2021","Georgia","8.18","8.25"
"<a   class=""nt_btn "" style=""color: rgba(0, 0, 0, 1);background-color: rgba(255, 255, 255, 1);border-color: rgba(0, 0, 0, 1);"" rel="""" href=""https://ras.football/ras-information/?PlayerID=14945&ovl=Cowboys"">Link</a>","Taco Charlton","DE","2017","Michigan","8.17","8.10"
"<a   class=""nt_btn "" style=""color: rgba(0, 0, 0, 1);background-color: rgba(255, 255, 255, 1);border-color: rgba(0, 0, 0, 1);"" rel="""" href=""https://ras.football/ras-information/?PlayerID=11910&ovl=Seahawks"">Link</a>","Frank Clark","DE","2015","Michigan","8.15","8.34"
"<a   class=""nt_btn "" style=""color: rgba(0, 0, 0, 1);background-color: rgba(255, 255, 255, 1);border-color: rgba(0, 0, 0, 1);"" rel="""" href=""https://ras.football/ras-information/?PlayerID=19381&ovl=Vikings"">Link</a>","D.J. Wonnum","DE","2020","South Carolina","8.04","8.01"
"<a   class=""nt_btn "" style=""color: rgba(0, 0, 0, 1);background-color: rgba(255, 255, 255, 1);border-color: rgba(0, 0, 0, 1);"" rel="""" href=""https://ras.football/ras-information/?PlayerID=12379&ovl=Ravens"">Link</a>","Bronson Kaufusi","DE","2016","BYU","8.02","8.02"
"<a   class=""nt_btn "" style=""color: rgba(0, 0, 0, 1);background-color: rgba(255, 255, 255, 1);border-color: rgba(0, 0, 0, 1);"" rel="""" href=""https://ras.football/ras-information/?PlayerID=18293&ovl=Steelers"">Link</a>","Alex Highsmith","DE","2020","Charlotte","8.01","7.93"
"<a   class=""nt_btn "" style=""color: rgba(0, 0, 0, 1);background-color: rgba(255, 255, 255, 1);border-color: rgba(0, 0, 0, 1);"" rel="""" href=""https://ras.football/ras-information/?PlayerID=12392&ovl=Browns"">Link</a>","Carl Nassib","DE","2016","Penn State","7.80","7.89"
"<a   class=""nt_btn "" style=""color: rgba(0, 0, 0, 1);background-color: rgba(255, 255, 255, 1);border-color: rgba(0, 0, 0, 1);"" rel="""" href=""https://ras.football/ras-information/?PlayerID=16283&ovl=Bills"">Link</a>","Gregory Rousseau","DE","2021","Miami","7.76","7.82"
"<a   class=""nt_btn "" style=""color: rgba(0, 0, 0, 1);background-color: rgba(255, 255, 255, 1);border-color: rgba(0, 0, 0, 1);"" rel="""" href=""https://ras.football/ras-information/?PlayerID=17159&ovl=Steelers"">Link</a>","Nick Herbig","DE","2023","Wisconsin","7.75","7.76"
"<a   class=""nt_btn "" style=""color: rgba(0, 0, 0, 1);background-color: rgba(255, 255, 255, 1);border-color: rgba(0, 0, 0, 1);"" rel="""" href=""https://ras.football/ras-information/?PlayerID=16452&ovl=49ers"">Link</a>","Kentavius Street","DE","2018","North Carolina State","7.72","7.60"
"<a   class=""nt_btn "" style=""color: rgba(0, 0, 0, 1);background-color: rgba(255, 255, 255, 1);border-color: rgba(0, 0, 0, 1);"" rel="""" href=""https://ras.football/ras-information/?PlayerID=19361&ovl=Cowboys"">Link</a>","Chauncey Golston","DE","2021","Iowa","7.60","7.62"
"<a   class=""nt_btn "" style=""color: rgba(0, 0, 0, 1);background-color: rgba(255, 255, 255, 1);border-color: rgba(0, 0, 0, 1);"" rel="""" href=""https://ras.football/ras-information/?PlayerID=25188&ovl=Falcons"">Link</a>","Bralen Trice","DE","2024","Washington","7.46","7.40"
"<a   class=""nt_btn "" style=""color: rgba(0, 0, 0, 1);background-color: rgba(255, 255, 255, 1);border-color: rgba(0, 0, 0, 1);"" rel="""" href=""https://ras.football/ras-information/?PlayerID=16981&ovl=Bengals"">Link</a>","Sam Hubbard","DE","2018","Ohio State","7.40","7.38"
"<a   class=""nt_btn "" style=""color: rgba(0, 0, 0, 1);background-color: rgba(255, 255, 255, 1);border-color: rgba(0, 0, 0, 1);"" rel="""" href=""https://ras.football/ras-information/?PlayerID=14952&ovl=Chiefs"">Link</a>","Tanoh Kpassagnon","DE","2017","Villanova","7.38","7.43"
"<a   class=""nt_btn "" style=""color: rgba(0, 0, 0, 1);background-color: rgba(255, 255, 255, 1);border-color: rgba(0, 0, 0, 1);"" rel="""" href=""https://ras.football/ras-information/?PlayerID=19477&ovl=Titans"">Link</a>","Rashad Weaver","DE","2021","Pittsburgh","7.33","7.39"
"<a   class=""nt_btn "" style=""color: rgba(0, 0, 0, 1);background-color: rgba(255, 255, 255, 1);border-color: rgba(0, 0, 0, 1);"" rel="""" href=""https://ras.football/ras-information/?PlayerID=16623&ovl=Panthers"">Link</a>","Marquis Haynes","DE","2018","Mississippi","7.22","7.23"
"<a   class=""nt_btn "" style=""color: rgba(0, 0, 0, 1);background-color: rgba(255, 255, 255, 1);border-color: rgba(0, 0, 0, 1);"" rel="""" href=""https://ras.football/ras-information/?PlayerID=12739&ovl=Ravens"">Link</a>","Kamalei Correa","DE","2016","Boise State","7.13","7.25"
"<a   class=""nt_btn "" style=""color: rgba(0, 0, 0, 1);background-color: rgba(255, 255, 255, 1);border-color: rgba(0, 0, 0, 1);"" rel="""" href=""https://ras.football/ras-information/?PlayerID=23053&ovl=Texans"">Link</a>","Dylan Horton","DE","2023","Texas Christian","7.01","7.06"
"<a   class=""nt_btn "" style=""color: rgba(0, 0, 0, 1);background-color: rgba(255, 255, 255, 1);border-color: rgba(0, 0, 0, 1);"" rel="""" href=""https://ras.football/ras-information/?PlayerID=18235&ovl=Giants"">Link</a>","Oshane Ximines","DE","2019","Old Dominion","7.00","7.02"
"<a   class=""nt_btn "" style=""color: rgba(0, 0, 0, 1);background-color: rgba(255, 255, 255, 1);border-color: rgba(0, 0, 0, 1);"" rel="""" href=""https://ras.football/ras-information/?PlayerID=19357&ovl=Bengals"">Link</a>","Cameron Sample","DE","2021","Tulane","6.98","7.05"
"<a   class=""nt_btn "" style=""color: rgba(0, 0, 0, 1);background-color: rgba(255, 255, 255, 1);border-color: rgba(0, 0, 0, 1);"" rel="""" href=""https://ras.football/ras-information/?PlayerID=11822&ovl=Jaguars"">Link</a>","Dante Fowler","DE","2015","Florida","6.97","7.41"
"<a   class=""nt_btn "" style=""color: rgba(0, 0, 0, 1);background-color: rgba(255, 255, 255, 1);border-color: rgba(0, 0, 0, 1);"" rel="""" href=""https://ras.football/ras-information/?PlayerID=15008&ovl=Ravens"">Link</a>","Tim Williams","DE","2017","Alabama","6.96","7.13"
"<a   class=""nt_btn "" style=""color: rgba(0, 0, 0, 1);background-color: rgba(255, 255, 255, 1);border-color: rgba(0, 0, 0, 1);"" rel="""" href=""https://ras.football/ras-information/?PlayerID=14948&ovl=Falcons"">Link</a>","Takkarist Mckinley","DE","2017","UCLA","6.85","7.18"
"<a   class=""nt_btn "" style=""color: rgba(0, 0, 0, 1);background-color: rgba(255, 255, 255, 1);border-color: rgba(0, 0, 0, 1);"" rel="""" href=""https://ras.football/ras-information/?PlayerID=16132&ovl=Vikings"">Link</a>","Jalyn Holmes","DE","2018","Ohio State","6.81","6.77"
"<a   class=""nt_btn "" style=""color: rgba(0, 0, 0, 1);background-color: rgba(255, 255, 255, 1);border-color: rgba(0, 0, 0, 1);"" rel="""" href=""https://ras.football/ras-information/?PlayerID=13640&ovl=Jaguars"">Link</a>","Dawuane Smoot","DE","2017","Illinois","6.50","6.84"
"<a   class=""nt_btn "" style=""color: rgba(0, 0, 0, 1);background-color: rgba(255, 255, 255, 1);border-color: rgba(0, 0, 0, 1);"" rel="""" href=""https://ras.football/ras-information/?PlayerID=15296&ovl=Raiders"">Link</a>","Arden Key","DE","2018","Louisiana State","6.40","6.35"
"<a   class=""nt_btn "" style=""color: rgba(0, 0, 0, 1);background-color: rgba(255, 255, 255, 1);border-color: rgba(0, 0, 0, 1);"" rel="""" href=""https://ras.football/ras-information/?PlayerID=11929&ovl=Colts"">Link</a>","Henry Anderson","DE","2015","Stanford","6.15","6.24"
"<a   class=""nt_btn "" style=""color: rgba(0, 0, 0, 1);background-color: rgba(255, 255, 255, 1);border-color: rgba(0, 0, 0, 1);"" rel="""" href=""https://ras.football/ras-information/?PlayerID=19380&ovl=Eagles"">Link</a>","Shareef Miller","DE","2019","Penn State","6.15","6.35"
"<a   class=""nt_btn "" style=""color: rgba(0, 0, 0, 1);background-color: rgba(255, 255, 255, 1);border-color: rgba(0, 0, 0, 1);"" rel="""" href=""https://ras.football/ras-information/?PlayerID=15847&ovl=Cowboys"">Link</a>","Dorance Armstrong","DE","2018","Kansas","5.91","6.13"
"<a   class=""nt_btn "" style=""color: rgba(0, 0, 0, 1);background-color: rgba(255, 255, 255, 1);border-color: rgba(0, 0, 0, 1);"" rel="""" href=""https://ras.football/ras-information/?PlayerID=12113&ovl=Browns"">Link</a>","Nate Orchard","DE","2015","Utah","5.90","6.61"
"<a   class=""nt_btn "" style=""color: rgba(0, 0, 0, 1);background-color: rgba(255, 255, 255, 1);border-color: rgba(0, 0, 0, 1);"" rel="""" href=""https://ras.football/ras-information/?PlayerID=13105&ovl=Jaguars"">Link</a>","Yannick Ngakoue","DE","2016","Maryland","5.87","6.25"
"<a   class=""nt_btn "" style=""color: rgba(0, 0, 0, 1);background-color: rgba(255, 255, 255, 1);border-color: rgba(0, 0, 0, 1);"" rel="""" href=""https://ras.football/ras-information/?PlayerID=18972&ovl=Vikings"">Link</a>","Patrick Jones II","DE","2021","Pittsburgh","5.85","5.99"
"<a   class=""nt_btn "" style=""color: rgba(0, 0, 0, 1);background-color: rgba(255, 255, 255, 1);border-color: rgba(0, 0, 0, 1);"" rel="""" href=""https://ras.football/ras-information/?PlayerID=12236&ovl=Patriots"">Link</a>","Trey Flowers","DE","2015","Arkansas","5.67","6.38"
"<a   class=""nt_btn "" style=""color: rgba(0, 0, 0, 1);background-color: rgba(255, 255, 255, 1);border-color: rgba(0, 0, 0, 1);"" rel="""" href=""https://ras.football/ras-information/?PlayerID=12766&ovl=Titans"">Link</a>","Kevin Dodd","DE","2016","Clemson","5.59","6.14"
"<a   class=""nt_btn "" style=""color: rgba(0, 0, 0, 1);background-color: rgba(255, 255, 255, 1);border-color: rgba(0, 0, 0, 1);"" rel="""" href=""https://ras.football/ras-information/?PlayerID=19604&ovl=Texans"">Link</a>","Jon Greenard","DE","2020","Florida","5.47","5.62"
"<a   class=""nt_btn "" style=""color: rgba(0, 0, 0, 1);background-color: rgba(255, 255, 255, 1);border-color: rgba(0, 0, 0, 1);"" rel="""" href=""https://ras.football/ras-information/?PlayerID=18222&ovl=Ravens"">Link</a>","Jaylon Ferguson","DE","2019","Louisiana Tech","5.44","5.52"
"<a   class=""nt_btn "" style=""color: rgba(0, 0, 0, 1);background-color: rgba(255, 255, 255, 1);border-color: rgba(0, 0, 0, 1);"" rel="""" href=""https://ras.football/ras-information/?PlayerID=23122&ovl=Cowboys"">Link</a>","Viliami Fehoko","DE","2023","San Jose State","5.34","5.43"
"<a   class=""nt_btn "" style=""color: rgba(0, 0, 0, 1);background-color: rgba(255, 255, 255, 1);border-color: rgba(0, 0, 0, 1);"" rel="""" href=""https://ras.football/ras-information/?PlayerID=12184&ovl=Broncos"">Link</a>","Shane Ray","DE","2015","Missouri","5.23","5.95"
"<a   class=""nt_btn "" style=""color: rgba(0, 0, 0, 1);background-color: rgba(255, 255, 255, 1);border-color: rgba(0, 0, 0, 1);"" rel="""" href=""https://ras.football/ras-information/?PlayerID=13689&ovl=Eagles"">Link</a>","Derek Barnett","DE","2017","Tennessee","5.19","5.70"
"<a   class=""nt_btn "" style=""color: rgba(0, 0, 0, 1);background-color: rgba(255, 255, 255, 1);border-color: rgba(0, 0, 0, 1);"" rel="""" href=""https://ras.football/ras-information/?PlayerID=18223&ovl=Cardinals"">Link</a>","Zach Allen","DE","2019","Boston College","5.14","5.38"
"<a   class=""nt_btn "" style=""color: rgba(0, 0, 0, 1);background-color: rgba(255, 255, 255, 1);border-color: rgba(0, 0, 0, 1);"" rel="""" href=""https://ras.football/ras-information/?PlayerID=18575&ovl=Patriots"">Link</a>","Ronnie Perkins","DE","2021","Oklahoma","5.12","5.25"
"<a   class=""nt_btn "" style=""color: rgba(0, 0, 0, 1);background-color: rgba(255, 255, 255, 1);border-color: rgba(0, 0, 0, 1);"" rel="""" href=""https://ras.football/ras-information/?PlayerID=18990&ovl=Chargers"">Link</a>","Chris Rumph","DE","2021","Duke","5.10","5.45"
"<a   class=""nt_btn "" style=""color: rgba(0, 0, 0, 1);background-color: rgba(255, 255, 255, 1);border-color: rgba(0, 0, 0, 1);"" rel="""" href=""https://ras.football/ras-information/?PlayerID=15587&ovl=Cardinals"">Link</a>","B.J. Ojulari","DE","2023","Louisiana State","4.93","5.09"
"<a   class=""nt_btn "" style=""color: rgba(0, 0, 0, 1);background-color: rgba(255, 255, 255, 1);border-color: rgba(0, 0, 0, 1);"" rel="""" href=""https://ras.football/ras-information/?PlayerID=11707&ovl=49ers"">Link</a>","Arik Armstead","DE","2015","Oregon","4.90","5.39"
"<a   class=""nt_btn "" style=""color: rgba(0, 0, 0, 1);background-color: rgba(255, 255, 255, 1);border-color: rgba(0, 0, 0, 1);"" rel="""" href=""https://ras.football/ras-information/?PlayerID=15497&ovl=Browns"">Link</a>","Chad Thomas","DE","2018","Miami","4.55","4.67"
"<a   class=""nt_btn "" style=""color: rgba(0, 0, 0, 1);background-color: rgba(255, 255, 255, 1);border-color: rgba(0, 0, 0, 1);"" rel="""" href=""https://ras.football/ras-information/?PlayerID=13418&ovl=Dolphins"">Link</a>","Charles Harris","DE","2017","Missouri","4.25","4.81"
"<a   class=""nt_btn "" style=""color: rgba(0, 0, 0, 1);background-color: rgba(255, 255, 255, 1);border-color: rgba(0, 0, 0, 1);"" rel="""" href=""https://ras.football/ras-information/?PlayerID=19432&ovl=Bills"">Link</a>","A.J. Epenesa","DE","2020","Iowa","4.05","4.20"
"<a   class=""nt_btn "" style=""color: rgba(0, 0, 0, 1);background-color: rgba(255, 255, 255, 1);border-color: rgba(0, 0, 0, 1);"" rel="""" href=""https://ras.football/ras-information/?PlayerID=12493&ovl=49ers"">Link</a>","Deforest Buckner","DE","2016","Oregon","3.95","4.62"
"<a   class=""nt_btn "" style=""color: rgba(0, 0, 0, 1);background-color: rgba(255, 255, 255, 1);border-color: rgba(0, 0, 0, 1);"" rel="""" href=""https://ras.football/ras-information/?PlayerID=12271&ovl=Ravens"">Link</a>","Za'Darius Smith","DE","2015","Kentucky","3.73","4.44"
"<a   class=""nt_btn "" style=""color: rgba(0, 0, 0, 1);background-color: rgba(255, 255, 255, 1);border-color: rgba(0, 0, 0, 1);"" rel="""" href=""https://ras.football/ras-information/?PlayerID=19852&ovl=Seahawks"">Link</a>","L.J. Collier","DE","2019","Texas Christian","3.21","3.47"
"<a   class=""nt_btn "" style=""color: rgba(0, 0, 0, 1);background-color: rgba(255, 255, 255, 1);border-color: rgba(0, 0, 0, 1);"" rel="""" href=""https://ras.football/ras-information/?PlayerID=13667&ovl=Broncos"">Link</a>","Demarcus Walker","DE","2017","Florida State","3.19","3.64"
"<a   class=""nt_btn "" style=""color: rgba(0, 0, 0, 1);background-color: rgba(255, 255, 255, 1);border-color: rgba(0, 0, 0, 1);"" rel="""" href=""https://ras.football/ras-information/?PlayerID=12673&ovl=Raiders"">Link</a>","Jihad Ward","DE","2016","Illinois","2.26","2.72"
"<a   class=""nt_btn "" style=""color: rgba(0, 0, 0, 1);background-color: rgba(255, 255, 255, 1);border-color: rgba(0, 0, 0, 1);"" rel="""" href=""https://ras.football/ras-information/?PlayerID=12080&ovl=Cardinals"">Link</a>","Markus Golden","DE","2015","Missouri","1.99","2.88"
"<a   class=""nt_btn "" style=""color: rgba(0, 0, 0, 1);background-color: rgba(255, 255, 255, 1);border-color: rgba(0, 0, 0, 1);"" rel="""" href=""https://ras.football/ras-information/?PlayerID=16487&ovl=Jets"">Link</a>","Jachai Polite","DE","2019","Florida","1.73","2.00"
"<a   class=""nt_btn "" style=""color: rgba(0, 0, 0, 1);background-color: rgba(255, 255, 255, 1);border-color: rgba(0, 0, 0, 1);"" rel="""" href=""https://ras.football/ras-information/?PlayerID=15260&ovl=Raiders"">Link</a>","Tyree Wilson","DE","2023","Texas Tech",,
"<a   class=""nt_btn "" style=""color: rgba(0, 0, 0, 1);background-color: rgba(255, 255, 255, 1);border-color: rgba(0, 0, 0, 1);"" rel="""" href=""https://ras.football/ras-information/?PlayerID=18219&ovl=Lions"">Link</a>","Austin Bryant","DE","2019","Clemson",,
"<a   class=""nt_btn "" style=""color: rgba(0, 0, 0, 1);background-color: rgba(255, 255, 255, 1);border-color: rgba(0, 0, 0, 1);"" rel="""" href=""https://ras.football/ras-information/?PlayerID=19006&ovl=Commanders"">Link</a>","Chase Young","DE","2020","Ohio State",,
"<a   class=""nt_btn "" style=""color: rgba(0, 0, 0, 1);background-color: rgba(255, 255, 255, 1);border-color: rgba(0, 0, 0, 1);"" rel="""" href=""https://ras.football/ras-information/?PlayerID=19374&ovl=Raiders"">Link</a>","Clelin Ferrell","DE","2019","Clemson",,
"<a   class=""nt_btn "" style=""color: rgba(0, 0, 0, 1);background-color: rgba(255, 255, 255, 1);border-color: rgba(0, 0, 0, 1);"" rel="""" href=""https://ras.football/ras-information/?PlayerID=19388&ovl=Seahawks"">Link</a>","Darrell Taylor","DE","2020","Tennessee",,
"<a   class=""nt_btn "" style=""color: rgba(0, 0, 0, 1);background-color: rgba(255, 255, 255, 1);border-color: rgba(0, 0, 0, 1);"" rel="""" href=""https://ras.football/ras-information/?PlayerID=19391&ovl=Colts"">Link</a>","Dayo Odeyingbo","DE","2021","Vanderbilt",,
"<a   class=""nt_btn "" style=""color: rgba(0, 0, 0, 1);background-color: rgba(255, 255, 255, 1);border-color: rgba(0, 0, 0, 1);"" rel="""" href=""https://ras.football/ras-information/?PlayerID=19545&ovl=Patriots"">Link</a>","Anfernee Jennings","DE","2020","Alabama",,
"<a   class=""nt_btn "" style=""color: rgba(0, 0, 0, 1);background-color: rgba(255, 255, 255, 1);border-color: rgba(0, 0, 0, 1);"" rel="""" href=""https://ras.football/ras-information/?PlayerID=19588&ovl=Patriots"">Link</a>","Josh Uche","DE","2020","Michigan",,
"<a   class=""nt_btn "" style=""color: rgba(0, 0, 0, 1);background-color: rgba(255, 255, 255, 1);border-color: rgba(0, 0, 0, 1);"" rel="""" href=""https://ras.football/ras-information/?PlayerID=19958&ovl=Texans"">Link</a>","Will Anderson Jr.","DE","2023","Alabama",,
"<a   class=""nt_btn "" style=""color: rgba(0, 0, 0, 1);background-color: rgba(255, 255, 255, 1);border-color: rgba(0, 0, 0, 1);"" rel="""" href=""https://ras.football/ras-information/?PlayerID=20163&ovl=Panthers"">Link</a>","Yetur Gross-Matos","DE","2020","Penn State",,
"<a   class=""nt_btn "" style=""color: rgba(0, 0, 0, 1);background-color: rgba(255, 255, 255, 1);border-color: rgba(0, 0, 0, 1);"" rel="""" href=""https://ras.football/ras-information/?PlayerID=20164&ovl=Lions"">Link</a>","Julian Okwara","DE","2020","Notre Dame",,
"<a   class=""nt_btn "" style=""color: rgba(0, 0, 0, 1);background-color: rgba(255, 255, 255, 1);border-color: rgba(0, 0, 0, 1);"" rel="""" href=""https://ras.football/ras-information/?PlayerID=20165&ovl=Jaguars"">Link</a>","K'Lavon Chaisson","DE","2020","Louisiana State",,
"<a   class=""nt_btn "" style=""color: rgba(0, 0, 0, 1);background-color: rgba(255, 255, 255, 1);border-color: rgba(0, 0, 0, 1);"" rel="""" href=""https://ras.football/ras-information/?PlayerID=21558&ovl=Browns"">Link</a>","Alex Wright","DE","2022","Alabama Birmingham",,
